id,county,category,company,website,email,phone,address,linkedin,instagram,facebook,sellsPlaques,quality
1962,Bedfordshire,Engraving,L Squared Lasers (Laser Marked),https://www.lasermarked.com/,info@lasermarked.com,01462 816623,"Unit 6C St Francis Way, Shefford Industrial Estate, Shefford, Bedfordshire, SG17 5DZ",,,,True,0
1961,Bedfordshire,Engraving,The Engraving Workshop,http://theengravingworkshop.co.uk,theengravingworkshop@outlook.com,07565 975081,,,,,True,0
1963,Belfast,Engraving,Mprint,https://www.mprintdesigns.co.uk,mprintdesigns@hotmail.com,,,,,,True,0
1964,Belfast,Engraving,Scorched Earth,https://scorchedearthdesigns.com,info@scorchedearthdesigns.com,,,,https://instagram.com/scorchedearthdesigns0,,True,0
1965,Berkshire,Engraving,Southdown Engraving,https://www.southdownengraving.co.uk/,southbound_engravings@btconnect.com,,,,,,True,0
1966,Bristol,Engraving,Bristol Design Forge,https://bristoldesignforge.co.uk/,hello@bristoldesignforge.co.uk,,,https://www.linkedin.com/company/bristol-design-forge,https://www.instagram.com/bristoldesignforge/,,True,0
1967,Cornwall,Engraving,Inscriptions Cornwall,https://www.glass-engravers-cornwall.co.uk/,inscriptions.ali@gmail.com,,,,https://www.instagram.com/inscriptions.ali/,,True,0
1968,Essex,Engraving,Clear Cut Engraving,https://clearcutengravingltd.co.uk/,clearcutuk@aol.com,,,,,,True,0
1971,Greater Manchester,Engraving,OnlineTrophies (Aford Awards),https://www.onlinetrophies.co.uk,sales@onlinetrophies.co.uk,01228 522 521,"Marple, Stockport",,,https://www.facebook.com/onlinetrophies,True,0
1969,Kent,Engraving,National Engravers,https://national-engravers.co.uk,info@national-engravers.co.uk,01233 840 999,Kent,,,,True,0
1972,UK Wide,Engraving,Trophy Store,https://www.trophystore.co.uk,support@trophystore.co.uk,0844 848 3444,UK Wide,,https://www.instagram.com/trophystoreuk/,https://www.facebook.com/trophystore,True,0
1970,Wrexham,Engraving,JP Engraving & Signs,https://www.jp-engraving.co.uk,info@jp-engraving.co.uk,01978 356 198,Wrexham (Serving Chester),,,https://www.facebook.com/jpengravingandsigns,True,0
1610,Bedfordshire,Signage,The Sign Shop Dunstable,https://thesignshop-dunstable.co.uk,,01582 500 600,"12a/14a, Victoria Street, Dunstable, LU6 3HA",,,,False,0
1641,Berkshire,Signage,D&A Media,,info@damedia.co.uk,0118 977 2222,"Unit 2, Indigo House, Mulberry Business Park, Wokingham, RG41 2GY",https://www.linkedin.com/company/d-&-a-media-solutions-ltd/,,https://www.facebook.com/damediasolutions/,False,0
1611,Berkshire,Signage,Simplex Ltd,https://www.simplexltd.com,info@simplexltd.com,,Berkshire,,,,False,0
1825,Bristol,Signage,Avonmouth Signs Ltd,https://www.avonmouthsigns.com/,info@avonmouthsigns.com,0117 982 6666,"Unit B1 Chittening Ind Est, Bristol, BS11 0YB",https://www.linkedin.com/company/avonmouth-signs-ltd,,https://www.facebook.com/avonmouthsigns,False,0
1826,Bristol,Signage,Capitol Signs,https://capitolsignsbristol.co.uk,info@capitolsignsbristol.co.uk,0117 951 6666,"15 Barratt St, Bristol, BS5 6DE",https://www.linkedin.com/company/capitol-signs-bristol,,https://www.facebook.com/capitolsignsbristol,False,0
1827,Bristol,Signage,Catersigns Ltd,https://www.catersigns.co.uk/,sales@catersigns.co.uk,0117 333 6666,"1st floor, 10 Temple Back, Bristol, BS1 6FL",https://www.linkedin.com/company/catersigns-ltd,https://www.instagram.com/catersigns,https://www.facebook.com/catersigns,False,0
1828,Bristol,Signage,Create Signs,https://create-signs.co.uk,info@create-signs.co.uk,01275 333456,"The Barn Bypass, Bristol, BS40 5JQ",https://www.linkedin.com/company/create-signs-bristol,,https://www.facebook.com/createsignsbristol,False,0
1829,Bristol,Signage,Fireworm,http://firewormsigns.co.uk,info@firewormsigns.co.uk,0117 931 6677,"78 Gloucester Rd, Bristol, BS32 4HP",,https://www.instagram.com/firewormsigns,https://www.facebook.com/firewormsigns,False,0
1830,Bristol,Signage,Fusion Graphics Ltd,https://fusiongraphicsltd.com,info@fusiongraphicsltd.com,0117 967 6666,"79 Memorial Rd, Bristol, BS15 3JQ",https://www.linkedin.com/company/fusion-graphics-ltd,https://www.instagram.com/fusiongraphicsltd,https://www.facebook.com/fusiongraphicsltd,False,0
1831,Bristol,Signage,Hello Blue Ltd,https://helloblue.co.uk,studio@helloblue.co.uk,0117 922 6666,"Albion Dockside Works, Albion Dockside Estate, Bristol, BS1 6UT",https://www.linkedin.com/company/hello-blue-ltd,https://www.instagram.com/hellobluebristol,https://www.facebook.com/hellobluebristol,False,0
1832,Bristol,Signage,Natural Signs,https://www.naturalsigns.co.uk/,info@naturalsigns.co.uk,01454 411666,"Whitehouse Farm Earthcott Green, Bristol, BS35 3TE",https://www.linkedin.com/company/natural-signs-ltd,,https://www.facebook.com/naturalsigns,False,0
1833,Bristol,Signage,Polysigns,https://polysigns.co.uk,info@polysigns.co.uk,0117 942 6666,"121-123 Newfoundland Rd, Bristol, BS2 9LU",https://www.linkedin.com/company/polysigns-bristol,,https://www.facebook.com/polysignsbristol,False,0
1834,Bristol,Signage,Rockwell Signs,https://rockwellsigns.co.uk,info@rockwellsigns.co.uk,0117 955 5291,"Unit 8 Fairway Industrial Centre, Golf Course Lane, Bristol, BS34 7QS",https://www.linkedin.com/company/rockwell-signs,https://www.instagram.com/rockwellsigns,https://www.facebook.com/rockwellsignsbristol,False,0
1835,Bristol,Signage,Voodoo Design,https://voodoodesign.com,info@voodoodesign.com,0117 935 3705,"3 Gloucester Rd, Bristol, BS32 4BJ",https://www.linkedin.com/company/the-voodoo-designworks,https://www.instagram.com/voodoodesignworks,https://www.facebook.com/voodoodesignworks,False,0
1634,Bristol,Signage,Ward Signs,,info@ward-signs.co.uk,0117 937 2636,"10 Maze Street, Barton Hill, Bristol, BS5 9TE",https://www.linkedin.com/company/ward-signs-ltd/,https://www.instagram.com/wardsigns/,https://www.facebook.com/wardsignsltd/,False,0
1645,Buckinghamshire,Signage,Signum Sign Studio,,info@signum-signs.com,01296 489099,"Signum Sign Studio, 19a Broad Street, Aylesbury, HP20 1AY",https://www.linkedin.com/company/signum-signs/,,https://www.facebook.com/signumsigns/,False,0
1653,Cambridgeshire,Signage,Create Signs Ltd,https://createsigns.co.uk,sales@createsigns.co.uk,01223 425124,"Unit 1, Cambridge, Cambridgeshire",https://www.linkedin.com/company/create-signs-ltd/,,https://www.facebook.com/createsignsltd/,False,0
1612,Cambridgeshire,Signage,Motive Graphics,https://motivegraphics.co.uk,,01234 812922,St Neots,,,,False,0
1654,Cambridgeshire,Signage,Sign Materials Direct,http://signmaterialsdirect.com,info@signmaterialsdirect.com,01767 318653,"Biggleswade, Cambridgeshire",,,https://www.facebook.com/signmaterialsdirect/,False,0
1655,Cambridgeshire,Signage,The Sign Post (UK) Ltd,https://thesignpost.co.uk,info@thesignpost.co.uk,07889 263071,"Sandy, Cambridgeshire",,,https://www.facebook.com/thesignpostuk/,False,0
1613,Cambridgeshire,Signage,The Sign Team,https://www.thesignteam.com,,,Peterborough,,,https://facebook.com/01733 270 400,False,0
1716,Cheshire,Signage,Widnes Signs,http://widnessigns.co.uk,info@widnessigns.co.uk,0151 444555,Widnes,https://www.linkedin.com/company/widnessigns,https://www.instagram.com/widnessigns,https://www.facebook.com/widnessigns,False,0
1643,Cheshire,Signage,isGroup Signs,,info@is-group.co.uk,01244 371443,"Hartford House, 3 Hartford Way, Sealand Industrial Estate, Chester, CH1 4NZ",https://www.linkedin.com/company/isgroup-signs/,https://www.instagram.com/isgroup_signs/,https://www.facebook.com/isgroupsigns/,False,0
1836,Cornwall,Signage,Harlequin Design,https://harlequin-design.com,info@harlequin-design.com,01326 555666,"Unit 19a St. Johns Business Park, Helston, TR13 8HN",https://www.linkedin.com/company/harlequin-design-cornwall,,https://www.facebook.com/harlequindesigncornwall,False,0
1837,Cornwall,Signage,Multesign Systems UK Ltd,https://multesigns.co.uk,info@multesigns.co.uk,01736 755666,"3 East Quay, Hayle, TR27 4BJ",https://www.linkedin.com/company/multesign-systems-uk-ltd,,https://www.facebook.com/multesign,False,0
1614,Cornwall,Signage,RH Signs and Graphics,https://www.rh-signscornwall.co.uk,richard289@hotmail.co.uk,0790 35 35 817,"Helston Gunsmiths Trading Estate, Helston, Cornwall, TR13 0LW",,,,False,0
1838,Cornwall,Signage,Signs of Good Taste,http://www.signsofgoodtaste.co.uk/,info@signsofgoodtaste.com,01326 250666,"The Old Smithy Craft Workshops, Falmouth, TR11 5JF",,,https://www.facebook.com/signsofgoodtaste,False,0
1922,County Durham,Signage,Newton Press,https://www.newtonpress.org/,sales@newtonpress.net,01325 300212,"Blue Bridge Centre, Newton Aycliffe, DL5 6DS",,,,False,0
1717,Cumbria,Signage,Raven Graphics,http://raven-graphics.co.uk,info@raven-graphics.co.uk,015396 23463,Kirkby Stephen,https://www.linkedin.com/company/ravengraphics,https://www.instagram.com/ravengraphics,https://www.facebook.com/ravengraphics,False,0
1682,Derbyshire,Signage,Evolution Signs & Graphics,https://www.evolution-signsandgraphics.co.uk/,info@evolution-signsandgraphics.co.uk,01246 277 757,Unit 8 Boythorpe Business Park Chesterfield S40 2QR,,,,False,0
1683,Derbyshire,Signage,Lemon Signs Ltd,http://www.lemonsigns.com/,info@lemonsigns.com,01332 202 222,Unit 1 Colemans Yard Derby DE21 4AL,,,,False,0
1615,Devon,Signage,AS Signs and Graphics,https://assignsandgraphics.co.uk,alex@assignsandgraphics.co.uk,01884 840906,"Unit 2, Tanyard Business Units, Willand, Devon, EX15 2PE",,,https://facebook.com/assignsandgraphics,False,0
1840,Devon,Signage,Apollo Signs,https://www.apollosigns.co.uk/,info@apollosigns.co.uk,01803 555333,"349 Torquay Rd, Paignton, TQ3 2BT",https://www.linkedin.com/company/apollo-signs-ltd,https://www.instagram.com/apollosignspaignton,https://www.facebook.com/apollosignspaignton,False,0
1841,Devon,Signage,Atlas Graphics South West Ltd,https://www.atlasgraphics.co.uk/,sales@atlasgraphics.co.uk,01752 260303,"12a Commercial St, Plymouth, PL4 0LN",https://www.linkedin.com/company/atlas-graphics-sw,https://www.instagram.com/atlasgraphics,https://www.facebook.com/atlasgraphics,False,0
1842,Devon,Signage,Creative Solutions,https://www.creative-solutions-direct.co.uk/,sales@creativesolutions.co.uk,01297 630130,"Unit 8c Weycroft Avenue, Axminster, EX13 5HU",https://www.linkedin.com/company/creative-solutions-direct,https://www.instagram.com/creativesolutionsdirect,https://www.facebook.com/creativesolutionsaxminster,False,0
1843,Devon,Signage,D X Signs Ltd,https://dxsigns.co.uk,info@dxsigns.co.uk,01271 322666,"Unit 2 Brannam Crescent, Barnstaple, EX31 3TD",,https://www.instagram.com/dxsigns,https://www.facebook.com/dxsigns,False,0
1844,Devon,Signage,DW Signs Ltd,https://dwsigns.co.uk,info@dwsigns.co.uk,01752 899444,"Unit 1, Ash Court, East Way, Ivybridge, PL21 9GE",https://www.linkedin.com/company/dw-signs-ltd,https://www.instagram.com/dwsigns,https://www.facebook.com/dwsigns,False,0
1845,Devon,Signage,Seymour Signs,https://www.seymoursigns.co.uk/,info@seymoursigns.co.uk,01752 666333,"216 Mannamead Rd, Plymouth, PL3 5RF",,https://www.instagram.com/seymoursigns,https://www.facebook.com/seymoursigns,False,0
1846,Devon,Signage,Signs 4 U,https://www.signs4uplymouth.co.uk/,sales@signs4uplymouth.co.uk,01752 662000,"18 Miller Court, Millbay Rd, Plymouth, PL1 3LQ",,https://www.instagram.com/signs4uplymouth,https://www.facebook.com/signs4uplymouth,False,0
1847,Devon,Signage,Stalite Signs Ltd,https://www.stalite.co.uk/,info@stalite.co.uk,01392 444111,"7 Apple Lane, Exeter, EX2 5GL",https://www.linkedin.com/company/stalite-signs-ltd,,https://www.facebook.com/stalitesigns,False,0
1848,Devon,Signage,The Signmaker Net,https://www.sign-maker.net/,sales@sign-maker.net,01769 561355,"Yelland Farm, Umberleigh, EX37 9BX",,https://www.instagram.com/thesignmaker_net,https://www.facebook.com/thesignmaker.net,False,0
1849,Dorset,Signage,Clear Signs & Graphics,https://clearsignsandgraphics.co.uk,info@clearsignsandgraphics.co.uk,01202 822666,"16 Edmondsham Rd, Verwood, BH31 7PB",,https://www.instagram.com/clearsignsandgraphics,https://www.facebook.com/clearsignsandgraphics,False,0
1850,Dorset,Signage,Indy Signs,https://www.indysigns.co.uk/,info@indysigns.co.uk,01202 672666,"Unit 12 Stanley Green Ind Est, Poole, BH15 3TH",,https://www.instagram.com/indysigns,https://www.facebook.com/indysignspoole,False,0
1851,Dorset,Signage,Jones Sign Co,https://www.jonessignco.com/,info@jonessignco.com,01202 511666,"1288 Wimborne Rd, Bournemouth, BH10 7AJ",,https://www.instagram.com/jonessignco,https://www.facebook.com/jonessignco,False,0
1852,Dorset,Signage,Lasting Impressions Signs Ltd,https://www.lastingimpressionsonline.co.uk/,info@lastingimpressionsonline.co.uk,01308 422666,"Unit 2 Hounsell Building, Bridport, DT6 3BE",https://www.linkedin.com/company/lasting-impressions-signs-ltd,,https://www.facebook.com/lastingimpressionssigns,False,0
1616,Durham,Signage,Skipbridge Signs,https://www.skipbridgesigns.co.uk,info@skipbridgesigns.co.uk,01325 749 399,"18 Holly Street, Darlington, DL3 6JP",,,,False,0
1923,East Riding of Yorkshire,Signage,Allsigns The Signmakers,https://allsignsthesignmakers.co.uk,info@allsignsthesignmakers.co.uk,01482 633111,"Unit 1, Brighton St, Hull, HU3 4UW",,,,False,0
1637,East Riding of Yorkshire,Signage,Designs Signage Solutions,,info@designs.uk.net,01482 787713,"Innovation Drive, Ipark Industrial Estate, Hull, HU5 1SG",https://www.linkedin.com/company/designs-signage-solutions-ltd/,https://www.instagram.com/designssignage/,https://www.facebook.com/designssignage/,False,0
1924,East Riding of Yorkshire,Signage,Greens the Signmakers,https://greens-signmakers.co.uk,sales@greens-signmakers.co.uk,01482 327371,"40-44 Brighton St, Hull, HU3 4UW",https://www.linkedin.com/company/greens-the-signmakers/,https://www.instagram.com/greensit/,https://www.facebook.com/GreensTheSignmakers,False,0
1617,East Sussex,Signage,The Sign Shop (Hailsham),http://www.thesignshopsussex.co.uk,nic@thesignshopsussex.co.uk,01323 846080,Unit 19 Burfield Park Industrial Estate South Road Hailsham East Sussex BN27 3JL,,,,False,0
1656,Essex,Signage,Essex Banners,https://essexbanners.com,info@essexbanners.com,01708 200166,"Hornchurch, Essex",https://www.linkedin.com/company/essex-banners/,https://www.instagram.com/essexbanners/,https://www.facebook.com/essexbanners/,False,0
1657,Essex,Signage,Essex Sign & Print,https://www.essexsignandprint.co.uk/,info@essexsignandprint.co.uk,01277 563102,"Billericay, Essex",,,https://www.facebook.com/essexsignandprint/,False,0
1658,Essex,Signage,FASTSIGNS Chelmsford,https://www.fastsigns.com/,chelmsford@fastsigns.com,01245 350450,"Chelmsford, Essex",https://www.linkedin.com/company/fastsigns-chelmsford/,,https://www.facebook.com/FASTSIGNSChelmsford/,False,0
1659,Essex,Signage,Premier Signs,https://www.brandwise.co.uk/premiersigns_co_uk.html,info@premiersigns.co.uk,01206 845515,"Colchester, Essex",,,https://www.facebook.com/premiersignscolchester/,False,0
1660,Essex,Signage,S6 Customs Limited,https://www.s6customs.co.uk/,info@s6customs.co.uk,07897 625720,"Wickford, Essex",,,https://www.facebook.com/s6customs/,False,0
1661,Essex,Signage,Sign Style Essex,https://signstyleessex.co.uk,info@signstyleessex.co.uk,01268 710174,"Wickford, Essex",,,https://www.facebook.com/signstyleessex/,False,0
1662,Essex,Signage,Signexcel Ltd,https://www.signexcel.co.uk/,info@signexcel.co.uk,01708 747072,"Romford, Essex",,,https://www.facebook.com/signexcel/,False,0
1663,Essex,Signage,Signscape,https://sasl.co.uk/,info@signscape.co.uk,01277 366266,"Ongar, Essex",,,https://www.facebook.com/signscapeongar/,False,0
1664,Essex,Signage,Signtec,https://signtec.co.uk,info@signtec.co.uk,01245 392022,"Chelmsford, Essex",,,https://www.facebook.com/signtecchelmsford/,False,0
1853,Gloucestershire,Signage,20 20 Signs,https://www.2020signsltd.co.uk,info@2020signsltd.co.uk,01452 711666,"15 Bamel Way, Gloucester Business Park, Gloucester, GL3 4BH",https://www.linkedin.com/company/20-20-signs-ltd,https://www.instagram.com/2020signsltd,https://www.facebook.com/2020signsltd,False,0
1854,Gloucestershire,Signage,C R Signs,https://www.cr-signs.co.uk/,info@cr-signs.co.uk,01453 755666,"Unit 1 Stroud Rd, Stroud, GL6 0BE",,https://www.instagram.com/crsignsuk,https://www.facebook.com/crsigns,False,0
1855,Gloucestershire,Signage,Hanman S.P.L.I.T Ltd,https://www.hanman-split.co.uk/,sales@hanmansplit.co.uk,01452 722666,"Headquarters Site, Quedgeley Enterprise Centre, Gloucester, GL2 2ZZ",https://www.linkedin.com/company/hanman-split-ltd,,https://www.facebook.com/hanmansplit,False,0
1856,Gloucestershire,Signage,Stroud Sign Centre,https://www.stroudsigns.co.uk/,info@stroudsigns.co.uk,01453 766666,"6 Woodhouse Drive, Stroud, GL5 3SG",,https://www.instagram.com/stroudsigncentre,https://www.facebook.com/stroudsigncentre,False,0
1857,Gloucestershire,Signage,Vital Signs,https://www.vitalsigns.co.uk/,info@vitalsigns.co.uk,01453 822666,"Unit 2 Oldends Ind Est, Stonehouse, GL10 3RQ",https://www.linkedin.com/company/vital-signs-uk,https://www.instagram.com/vitalsignsuk,https://www.facebook.com/vitalsignsuk,False,0
1650,Greater London,Signage,Bellenden Signs Ltd,https://bellendensigns.com,info@bellendensigns.com,020 3654 7973,"83 Bellenden Rd, London, SE15 4QZ",,,,False,
1652,Greater London,Signage,Butler Signs,https://butlersigns.co.uk,info@butlersigns.co.uk,01635 250680,Berkshire/London,,IG: butlersigns,FB: butlersigns,False,
1648,Greater London,Signage,E U Signs Ltd,https://eusigns.co.uk,info@eusigns.co.uk,020 3375 2100,"Unit 6 Stirling Industrial Centre, Stirling Way, Borehamwood, WD6 2BT",,,,False,
1635,Greater London,Signage,Goodwin & Goodwin,,sales@goodwinandgoodwin.com,020 8829 0599,"Unit 10, The 157 Business Centre, 157-159 Gladstone Ave, London N22 6LD",https://www.linkedin.com/company/goodwin-&-goodwin/,https://www.instagram.com/goodwinandgoodwin/,https://www.facebook.com/goodwinandgoodwin/,False,0
1651,Greater London,Signage,Lumen Signs Ltd,https://lumensigns.co.uk,info@lumensigns.co.uk,020 3375 2100,"London, E14 9RP",,,,False,
1618,Greater London,Signage,Prestige Signs,https://www.prestigesigns.net,sales@prestigesigns.net,,4,,,,False,0
1649,Greater London,Signage,Sign Architects,https://signarchitects.co.uk,info@signarchitects.co.uk,020 8507 3395,"London, IG11 0HE",,IG: signarchitects,FB: signarchitects,False,
1619,Greater London,Signage,Significant Ltd,https://www.significantsigns.co.uk,info@significantsigns.co.uk,020 7924 9343,London,,,,False,0
1778,Greater London,Signage,Signtec Direct,https://www.signtecdirect.com,info@signtecdirect.com,020 3479 6036,"19-21 Fowler Rd, Hainault Business Park, Ilford, IG6 3UT",,,,False,0
1718,Greater Manchester,Signage,Ainsley Signs,https://signsmanchester.com,info@signsmanchester.com,0161 653 3550,"1-2 John Lee Fold, Manchester, M24 2LR",https://www.linkedin.com/company/ainsleysigns,https://www.instagram.com/ainsleysigns,https://www.facebook.com/ainsleysigns,False,0
1719,Greater Manchester,Signage,Brock Signs & Graphics Ltd,https://brocksigns.co.uk,info@brocksigns.co.uk,0161 872 7212,"Unit 32 Kansas Avenue, Salford Quays, Salford, M50 2GL",https://www.linkedin.com/company/brocksignsandgraphicsltd,https://www.instagram.com/brocksignsandgraphicsltd,https://www.facebook.com/brocksignsandgraphicsltd,False,0
1720,Greater Manchester,Signage,Budget Print & Sign,https://budgetprintandsign.co.uk/,info@budgetprintstockport.co.uk,0161 483 3333,"368 Buxton Rd, Stockport, SK2 7BY",https://www.linkedin.com/company/budgetprintandsign,https://www.instagram.com/budgetprintandsign,https://www.facebook.com/budgetprintandsign,False,0
1721,Greater Manchester,Signage,DP Signprint,https://www.dpsignprint.co.uk/,info@dpsignprint.co.uk,0161 877 7777,"The Hive Praed Rd, Manchester, M17 1PQ",https://www.linkedin.com/company/dpsignprint,https://www.instagram.com/dpsignprint,https://www.facebook.com/dpsignprint,False,0
1722,Greater Manchester,Signage,Design It: Sign & Print,https://www.designitsigns.co.uk/,info@designitsigns.co.uk,0161 682 2222,"49 Marleyer Close, Manchester, M40 0AB",https://www.linkedin.com/company/designit:signandprint,https://www.instagram.com/designit:signandprint,https://www.facebook.com/designit:signandprint,False,0
1723,Greater Manchester,Signage,Impression (Bolton) Ltd,https://www.impressionltd.co.uk/,info@impressionltd.co.uk,01204 382322,Bolton,https://www.linkedin.com/company/impression(bolton)ltd,https://www.instagram.com/impression(bolton)ltd,https://www.facebook.com/impression(bolton)ltd,False,0
1621,Greater Manchester,Signage,Manchester Signs,https://manchester-signs.com,,,6,,,,False,0
1724,Greater Manchester,Signage,Michael Doyle Signs,https://www.signwritersmanchester.co.uk/,info@signwritersmanchester.co.uk,0161 682 7250,"152 Medlock Rd, Manchester, M35 9WP",https://www.linkedin.com/company/michaeldoylesigns,https://www.instagram.com/michaeldoylesigns,https://www.facebook.com/michaeldoylesigns,False,0
1725,Greater Manchester,Signage,Name & No,https://nameandno.com,info@nameandno.com,0161 236 3311,"Bartle House, 9, Oxford Court, Manchester, M2 3WQ",https://www.linkedin.com/company/nameandno,https://www.instagram.com/nameandno,https://www.facebook.com/nameandno,False,0
1622,Greater Manchester,Signage,Sign UK,https://www.sign-uk.com,,0161 747 3333,Manchester,,,,False,0
1647,Greater Manchester,Signage,Signage Systems,,info@signagesystems.co.uk,0161 336 2266,"Unit 4, Crown Point South Ind Est, King St, Denton, Manchester, M34 6PF",https://www.linkedin.com/company/signage-systems-limited/,,https://www.facebook.com/signagesystems/,False,0
1620,Greater Manchester,Signage,Signs2Signs,https://signs2signs.co.uk,,,6,,,,False,0
1726,Greater Manchester,Signage,Signtech,https://sign-tech.co.uk,info@sign-tech.co.uk,01204 382322,"Bolton, BL1",https://www.linkedin.com/company/signtech,https://www.instagram.com/signtech,https://www.facebook.com/signtech,False,0
1727,Greater Manchester,Signage,Stretford Studios Ltd,https://stretfordstudios.co.uk,info@stretfordstudios.co.uk,0161 865 5555,"Unit 13 Manor Farm Ind Est, Poplar Rd, Manchester, M32 9AN",https://www.linkedin.com/company/stretfordstudiosltd,https://www.instagram.com/stretfordstudiosltd,https://www.facebook.com/stretfordstudiosltd,False,0
1728,Greater Manchester,Signage,Subak Signs,https://www.subaksigns.co.uk/,info@subaksigns.co.uk,0161 832 1111,"61 Cheetham Hill Rd, Manchester, M4 4FS",https://www.linkedin.com/company/subaksigns,https://www.instagram.com/subaksigns,https://www.facebook.com/subaksigns,False,0
1729,Greater Manchester,Signage,Trafford Signs,https://traffordsigns.co.uk,info@traffordsigns.co.uk,0161 872 0000,"First Avenue, Manchester, M17 1TS",https://www.linkedin.com/company/traffordsigns,https://www.instagram.com/traffordsigns,https://www.facebook.com/traffordsigns,False,0
1779,Hampshire,Signage,Allspeed Signs & Graphics,https://www.allspeedsigns.co.uk/,info@allspeedsigns.co.uk,023 9255 3000,"Unit J1 Juno Daedalus Park, Lee-On-The-Solent, PO13 9FX",,,,False,0
1780,Hampshire,Signage,Andean Signs,https://www.andeansigns.co.uk/,sales@andeansigns.co.uk,01489 577000,"4 Fleming Close, Fareham, PO15 5SB",,,,False,0
1632,Hampshire,Signage,Lavastar,,info@lavastar.co.uk,0845 459 4525,"Canal Cottage, Dogmersfield Park Estate, Chalky Lane, Dogmersfield, Hook, RG27 8TD",https://www.linkedin.com/company/lavastar-signs/,https://www.instagram.com/lavastarsigns/,https://www.facebook.com/lavastarsigns/,False,0
1781,Hampshire,Signage,M A C Signs UK Ltd,https://mac-signs.co.uk,sales@mac-signs.co.uk,023 8063 3000,"Unit 7, Chancerygate Business Centre, Southampton, SO15 0AE",,,,False,0
1782,Hampshire,Signage,Magic Signs,https://www.magicsigns.co.uk/,info@magicsigns.co.uk,01252 333000,"167 Ash Hill Rd, Aldershot, GU12 5DW",,,,False,0
1783,Hampshire,Signage,Mint Signs & Graphics Ltd,https://mintsigns.co.uk,info@mintsigns.co.uk,01962 711000,"Humphrey Farm Hazeley Rd, Winchester, SO21 1QA",,,,False,0
1784,Hampshire,Signage,Re-Design UK Ltd,http://www.re-design.co.uk/,info@re-design.co.uk,01264 333000,"Unit 15 Towergate Industrial Park, Colebrook Way, Andover, SP10 3BB",,,,False,0
1785,Hampshire,Signage,Top Notch Signs & Graphics Ltd,https://www.topnotchsigns.co.uk/,sales@topnotchsigns.co.uk,023 9255 1000,"Unit C4 Centaur Daedalus Park, Lee-On-The-Solent, PO13 9FX",,,,False,0
1786,Hampshire,Signage,Vision Signs,https://visionsigns.com,sales@visionsigns.com,023 9266 4444,"151-153 New Road, Portsmouth, PO2 7QS",,,,False,0
1787,Hampshire,Signage,Zillwoods Signmasters,https://www.zillwoods.co.uk/,info@zillwoods.co.uk,023 8077 4444,"Second Avenue, Southampton, SO15 0LP",,,,False,0
1941,Isle of Man,Signage,Gellings Isle of Man,https://www.gellings.im/prod_cat/C_signs--display-_303.asp,info@gellings.im,01624 671200,"Unit 4 Kirby Farm Industrial Estate, Vicarage Road, Braddan, Isle of Man, IM4 4LA",,,,False,0
1939,Isle of Man,Signage,Signrite Isle of Man Ltd,https://www.signrite-iom.com/contact.html,sales@signrite-iom.com,+44 (0) 1624 612244,"Unit 2, Isle of Man Business Park, Cooil Road, Braddan, Isle of Man, IM2 2QY",,,,False,0
1940,Isle of Man,Signage,The Copyshop,https://www.thecopyshop.im/signage-displays/,enquiries@thecopyshop.im,01624 622697,"Unit B1, Eden Business Park, Braddan, Isle of Man, IM4 2AY",,,,False,0
1788,Kent,Signage,3D Signs,https://www.3d-signs.co.uk/,sales@3d-signs.co.uk,01843 588111,"Unit 4, Whitehall Ind Est, Whitehall Rd, Ramsgate, CT12 6BU",,,,False,0
1789,Kent,Signage,Anchor Sign Makers,https://www.anchor-signmakers.co.uk/,info@anchor-signmakers.co.uk,01634 813073,"Ordnance Mews, The Historic Dockyard, Chatham, ME4 4QW",,,,False,0
1790,Kent,Signage,Avenue Signs,https://www.avenuesigns.co.uk,sales@avenuesigns.co.uk,01634 841300,"216-222 Luton Rd, Chatham, ME4 5BS",,,,False,0
1791,Kent,Signage,Fruity Media Ltd,https://fruitymedia.co.uk,info@fruitymedia.co.uk,01732 368436,"16 Mountfield Park, Tonbridge, TN9 2DE",,,,False,0
1792,Kent,Signage,Full FX Signs & Graphics,http://fullfxsigns.co.uk,info@fullfxsigns.co.uk,07428 764641,"10 Upbury Way, Chatham, ME4 4NQ",,,,False,0
1793,Kent,Signage,Henwood Signs,https://henwoodsigns.co.uk,sales@henwoodsigns.co.uk,01233 662992,"Unit 17, Henwood Business Centre Henwood, Ashford, TN24 8DH",,,,False,0
1794,Kent,Signage,Imageworx Group,https://www.imageworxsigns.co.uk,info@imageworxsigns.co.uk,020 7870 5352,"The Beechwood Centre, 40 Lower Gravel Rd, Bromley, BR2 8GP",,,,False,0
1795,Kent,Signage,Legend Signs Ltd,https://www.legendsigns.com/,sales@legendsigns.co.uk,01303 762280,"Benham Business Park, Ashford Rd, Hythe, CT21 4JD",,,,False,0
1796,Kent,Signage,Maidstone Signs Ltd,https://www.maidstonesigns.co.uk/,sales@maidstonesigns.co.uk,01622 716891,"Unit 14 Brittania Business Park, Mills Rd, Aylesford, ME20 7NT",,,,False,0
1797,Kent,Signage,Peach Design,https://www.peachdesign.co.uk/,info@peachdesign.co.uk,020 8663 3686,"33 Upper Elmers End Road, Beckenham, BR3 3QY",,"FB: peachdesignuk, IG: peachdesignuk","FB: peachdesignuk, IG: peachdesignuk",False,0
1798,Kent,Signage,Prime Signs UK Ltd,http://www.primesignsltd.co.uk,enquiries@primesignsltd.co.uk,0800 066 5085,"2 Midfield Parade, Mayplace Rd East, Bexleyheath, DA7 6NA",,"FB: primesignsukltd, IG: primesignsukltd","FB: primesignsukltd, IG: primesignsukltd",False,0
1799,Kent,Signage,R & M Sign Makers,http://rmsigns.co.uk,sales@rmsigns.co.uk,01474 568358,"35 Dobson Rd, Gravesend, DA12 5TF",,,,False,0
1623,Kent,Signage,Sign Right UK,https://signrightuk.com,,,,,,,False,0
1624,Kent,Signage,Sign Wizard,https://www.sign-wizard.co.uk,,,,,,,False,0
1800,Kent,Signage,SignGen Ltd,https://www.signgen.co.uk/,info@signgen.co.uk,0808 304 7803,"Chatham, ME4",,,,False,0
1801,Kent,Signage,Signpost Signs Ltd,https://www.signpostsigns.co.uk/,info@signpostsigns.co.uk,020 8309 5556,"12 Halfway St, Sidcup, DA15 8LL",,,,False,0
1802,Kent,Signage,Signs To Print Ltd,https://www.signageandmedia.co.uk/,info@signs2print.co.uk,01689 827157,"7 High St, Orpington, BR6 0JE",,,,False,0
1803,Kent,Signage,Steve Bronson Sign Writer,https://bronsonsigns.co.uk,steve@bronsonsigns.co.uk,01732 358667,"26 Seabrook Rd, Tonbridge, TN10 3AS",,,,False,0
1804,Kent,Signage,The Bespoke Sign House,https://thebespokesignhouse.com,hello@thebespokesignhouse.com,07395 081973,"Samares The Lees, Ashford, TN25 4HX",,IG: thebespokesignhouse,,False,0
1805,Kent,Signage,Zyrer Sign,https://zyrer.co.uk,info@zyrer.co.uk,01474 550607,"61 Nelson Rd, Gravesend, DA11 7EF",,,,False,0
1638,Lanarkshire,Signage,Merson Group,,enquiries@mersongroup.com,01355 243 021,"2 Law Place, Nerston Industrial Estate, East Kilbride, Glasgow, G74 4PP",https://www.linkedin.com/company/merson-group/,,https://www.facebook.com/MersonGroup/,False,0
1730,Lancashire,Signage,Fylde Signs,http://fyldesigns.co.uk,info@fyldesigns.co.uk,01253 555666,Blackpool,https://www.linkedin.com/company/fyldesigns,https://www.instagram.com/fyldesigns,https://www.facebook.com/fyldesigns,False,0
1631,Leicestershire,Signage,Alpen Signs,,info@alpensigns.co.uk,0116 263 0550,"Central House, Marlow Road, Leicester, LE3 2BQ",https://www.linkedin.com/company/alpen-signs/,https://www.instagram.com/alpensigns/,https://www.facebook.com/alpensigns/,False,0
1684,Leicestershire,Signage,Direct Signs,https://directsigns.co.uk,info@directsigns.co.uk,01455 233 444,Unit 1 Dodwells Road Hinckley LE10 3BZ,,,,False,0
1685,Leicestershire,Signage,Sign Here,https://www.sign-here.co.uk/,sales@sign-here.co.uk,0116 253 0446,179 Fosse Road North Leicester LE3 5EZ,,,,False,0
1686,Leicestershire,Signage,SignFab (UK) Ltd,https://signfab.co.uk,sales@signfab.co.uk,0116 261 0104,Byford Road Leicester LE4 0DG,,,,False,0
1687,Lincolnshire,Signage,Allen Signs,https://allen-signs.co.uk,enquiries@allen-signs.co.uk,01522 501 500,Unit 4 Whisby Way Lincoln LN6 3LQ,,,,False,0
1626,Lincolnshire,Signage,Elite Signs Ltd,https://elite4signs.co.uk,sales@elite4signs.co.uk,,,,,,False,0
1627,Lincolnshire,Signage,Grimsby Signs Ltd,https://grimsbysigns.com,grimsbysigns@outlook.com,01472 268868,"124-126 Hainton Avenue, Grimsby, DN32 9LQ",,,,False,0
1625,Lincolnshire,Signage,Lincs Signs,https://lincs-signs.co.uk,enquiries@lincs-signs.co.uk,,,,,,False,0
1731,Merseyside,Signage,Chris Benson Signs Ltd,https://bensonsigns.com/,info@chrisbensonsigns.co.uk,0151 236 4444,"96-98 Great Howard Street, Liverpool, L3 7AX",https://www.linkedin.com/company/chrisbensonsignsltd,https://www.instagram.com/chrisbensonsignsltd,https://www.facebook.com/chrisbensonsignsltd,False,0
1732,Merseyside,Signage,Cowen Signs,https://www.cowensigns.com/,info@cowensigns.com,0151 647 3333,"Unit 4 Appin Rd Argyle Ind Est, Birkenhead, CH41 9HH",https://www.linkedin.com/company/cowensigns,https://www.instagram.com/cowensigns,https://www.facebook.com/cowensigns,False,0
1733,Merseyside,Signage,Lever Signs & Designs,http://leversigns.com,info@leversigns.com,0151 236 2222,"Quadrangle Buildings, Greenock St, Liverpool, L3 7HP",https://www.linkedin.com/company/leversignsanddesigns,https://www.instagram.com/leversignsanddesigns,https://www.facebook.com/leversignsanddesigns,False,0
1734,Merseyside,Signage,Liverpool Signs & Neon Ltd,https://www.liverpoolsigns.co.uk/,info@liverpoolsigns.co.uk,0151 207 2222,"Unit 6, Quadrangle Buildings, Greenock St, Liverpool, L3 7HP",https://www.linkedin.com/company/liverpoolsignsandneonltd,https://www.instagram.com/liverpoolsignsandneonltd,https://www.facebook.com/liverpoolsignsandneonltd,False,0
1735,Merseyside,Signage,Quick Signs,https://www.quicksignsuk.com/,info@quicksignsuk.com,0151 933 1111,"77 Stanley Rd, Bootle, L20 7BZ",https://www.linkedin.com/company/quicksigns,https://www.instagram.com/quicksigns,https://www.facebook.com/quicksigns,False,0
1736,Merseyside,Signage,Sign Centre,https://signcentreuk.co.uk,info@signcentreuk.co.uk,0151 298 1111,"Unit 4 Vauxhall Business Centre, 131 Vauxhall Rd, Liverpool, L3 6BN",https://www.linkedin.com/company/signcentre,https://www.instagram.com/signcentre,https://www.facebook.com/signcentre,False,0
1737,Merseyside,Signage,Signs 2 Go,https://www.signs2go.co.uk/,info@signs2go.co.uk,0151 647 1111,"82 Appin Rd, Birkenhead, CH41 9HH",https://www.linkedin.com/company/signs2go,https://www.instagram.com/signs2go,https://www.facebook.com/signs2go,False,0
1738,Merseyside,Signage,Signs 3000 Ltd,https://www.signs3000.co.uk/,info@signs3000.co.uk,0151 236 3000,"6 North St, Liverpool, L3 2AY",https://www.linkedin.com/company/signs3000ltd,https://www.instagram.com/signs3000ltd,https://www.facebook.com/signs3000ltd,False,0
1739,Merseyside,Signage,The Sign Shop,https://thesignshopliverpool.com,info@thesignshopliverpool.com,0151 922 1111,"242 Derby Rd, Liverpool, L20 8LJ",https://www.linkedin.com/company/thesignshop,https://www.instagram.com/thesignshop,https://www.facebook.com/thesignshop,False,0
1639,Merseyside,Signage,Widd Signs,,info@widdsigns.co.uk,0113 250 2662,"Widd House, 2 Gledhall Road, St Helens, Merseyside, WA9 3AG",https://www.linkedin.com/company/widd-signs/,https://www.instagram.com/widdsigns/,https://www.facebook.com/widdsigns/,False,0
1665,Norfolk,Signage,Anglia Sign Casting,https://www.angliasigncasting.co.uk/,info@angliasigncasting.co.uk,01603 897111,"Unit 1, 14-16 Drayton Rd, Norwich NR3 2AB",,,https://www.facebook.com/angliasigncasting/,False,0
1666,Norfolk,Signage,Displaypro,https://displaypro.co.uk,info@displaypro.co.uk,01603 928000,"Unit 3, 40-46 Spar Rd, Norwich NR6 6BY",https://www.linkedin.com/company/displaypro-ltd/,https://www.instagram.com/displaypro/,https://www.facebook.com/displaypro/,False,0
1667,Norfolk,Signage,Norwich Signs and Graphics,https://www.norwichsignsandgraphics.co.uk/,info@norwichsignsandgraphics.co.uk,07777 712201,"Norwich, Norfolk",,,https://www.facebook.com/norwichsignsandgraphics/,False,0
1668,Norfolk,Signage,Signforce Ltd,https://signforce.co.uk,sales@signforce.co.uk,01603 411573,"Unit 1, 14-16 Drayton Rd, Norwich NR3 2AB",,,https://www.facebook.com/signforce/,False,0
1633,Norfolk,Signage,Signs Express (HQ),,info@signsexpress.co.uk,01603 625925,"17&18 Roundtree Way, Norwich, NR7 8SQ",https://www.linkedin.com/company/signs-express-ltd/,https://www.instagram.com/signsexpress/,https://www.facebook.com/SignsExpress/,False,0
1669,Norfolk,Signage,Signs Plus (EA) Ltd,https://signsplus.co.uk,sales@signsplus.co.uk,01603 904855,"Unit 1, 11-13 Ayton Rd, Wymondham NR18 0QH",,,https://www.facebook.com/signsplusnorfolk/,False,0
1670,Norfolk,Signage,Signworx (The Signworx),https://thesignworx.com,info@thesignworx.com,01553 782594,"Unit 4, North Lynn Business Village, Bergen Way, King's Lynn PE30 2JG",https://www.linkedin.com/company/the-signworx/,https://www.instagram.com/thesignworx/,https://www.facebook.com/thesignworx/,False,0
1671,Norfolk,Signage,Soanes Signs,https://soanessigns.com,info@soanessigns.com,01603 754544,"Unit 1, Broadland Business Park, Norwich NR7 0WG",https://www.linkedin.com/company/soanes-signs/,https://www.instagram.com/soanes_signs/,https://www.facebook.com/soanessigns/,False,0
1672,Norfolk,Signage,Solar Signs & Graphics Limited,https://solarsigns.co.uk,info@solarsigns.co.uk,01603 484648,"Unit 1, 14-16 Drayton Rd, Norwich NR3 2AB",,,https://www.facebook.com/solarsigns/,False,0
1673,Norfolk,Signage,Wensum Print,https://www.wensumprint.co.uk/,info@wensumprint.co.uk,01603 219594,"10-12 Heigham St, Norwich NR2 4TE",https://www.linkedin.com/company/wensum-print/,https://www.instagram.com/wensumprint/,https://www.facebook.com/wensumprint/,False,0
1925,North Yorkshire,Signage,Andrews Signs & Engravers Ltd,https://www.andrewssigns.co.uk/,sales@andrewssigns.co.uk,01904 696969,"Unit 5-6, Rawcliffe Ind Est, York, YO30 5XY",,,,False,0
1926,North Yorkshire,Signage,Atam Signs Ltd,https://atamsigns.co.uk/,sales@arc-sign.co.uk,01757 706240,"Unit 3 Mayfair Ind Est, Selby, YO8 8BE",,,,False,0
1628,North Yorkshire,Signage,Design Display,https://www.designdisplay.co.uk/,info@designdisplay.co.uk,,Yarm,,,https://facebook.com/07901 554 759,False,0
1927,North Yorkshire,Signage,JS Graphixx,https://jsgraphixx.com,info@jsgraphixx.com,01653 696969,"Unit 3 Malton Enterprise Park, Malton, YO17 6AD",,,,False,0
1688,Northamptonshire,Signage,Corby Graphix,https://corbygraphix.co.uk,info@corbygraphix.co.uk,01536 202 202,Unit L Edison Courtyard Corby NN17 4LS,,,,False,0
1942,Northern Ireland,Signage,AC-Print Signs & Display,https://www.acprint.co.uk/,info@acprint.co.uk,028 9447 9799,"202 Portglenone Rd, Antrim, BT41 3EU",,,https://www.facebook.com/ACPrintAntrim/,False,0
1943,Northern Ireland,Signage,Apex Signs,https://apex-signs.com/,info@apex-signs.com,028 9070 2000,"1-3 Boucher Rd, Belfast, BT12 6HR",,,https://www.facebook.com/ApexSignsBelfast/,False,0
1944,Northern Ireland,Signage,Beyond Signage LTD,https://beyond-signage.com/about-us/,info@beyond-signage.com,028 9336 2651,"Unit 4, Kilroot Business Park, Carrickfergus, BT38 7PR",https://www.linkedin.com/company/beyond-signage-ltd/,https://www.instagram.com/beyondsignage/,https://www.facebook.com/beyondsignage/,False,0
1945,Northern Ireland,Signage,CLS Signage,https://clssignage.com/,sales@clssignage.com,028 3754 9000,"194 Battleford Rd, Armagh, BT61 8BY",,https://www.instagram.com/clssignage/,https://www.facebook.com/clssignage/,False,0
1946,Northern Ireland,Signage,Chris Hamill Signs Ltd,https://www.chrishamillsigns.co.uk/contact-us,chrishamilldesign@hotmail.co.uk,028 2508 0173,"6 McKeestown Lane, Ballymena, BT42 2LU",,,https://www.facebook.com/chrishamillsigns/,False,0
1947,Northern Ireland,Signage,Custom Graphix,https://customgraphix.co.uk/signage,info@customgraphix.co.uk,028 9335 1723,"1-3 Carrickfergus Rd, Carrickfergus, BT38 7PR",,,https://www.facebook.com/CustomGraphixNI/,False,0
1948,Northern Ireland,Signage,Design & Display,https://www.designandisplay.com/contact-us/,info@designandisplay.com,028 9096 1655,"Unit 38, Work West Enterprise Centre, Belfast, BT11 8BU",,,,False,0
1949,Northern Ireland,Signage,Graphics Plus,https://graphics-plus.co.uk/,graphics.plus@hotmail.com,028 7134 4259,"9 Gleneden Complex, Altnagelvin Ind Est, Londonderry, BT47 2ED",,,https://www.facebook.com/GraphicsPlusDerry/,False,0
1950,Northern Ireland,Signage,Kerr Signs,https://kerrsigns.com/,info@kerrsigns.com,028 7965 1811,"22 Cloyfin Rd, Coleraine, BT52 2NY",,https://www.instagram.com/kerrsigns/,https://www.facebook.com/kerrsigns/,False,0
1951,Northern Ireland,Signage,LE Graphics,https://legraphics.co.uk/about-us/,info@legraphics.co.uk,028 6632 5423,"Race View Factory Rd, Enniskillen, BT74 6DT",https://www.linkedin.com/company/le-graphics/,https://www.instagram.com/legraphics/,https://www.facebook.com/legraphics/,False,0
1952,Northern Ireland,Signage,Off The Wall Creative,https://otwc.co.uk/,info@otwc.co.uk,028 9074 0133,"10-12 Garmoyle St, Belfast, BT15 1DY",https://www.linkedin.com/company/off-the-wall-creative-ltd/,https://www.instagram.com/otwc_signs/,https://www.facebook.com/otwc.co.uk/,False,0
1953,Northern Ireland,Signage,Rainbow Signs Ltd,https://rainbow-signs.co.uk/services/,info@rainbow-signs.co.uk,028 9268 3550,"8 Ballykeel Rd, Hillsborough, BT26 6NW",https://www.linkedin.com/company/rainbow-signs-ltd/,,https://www.facebook.com/rainbowsignsltd/,False,0
1954,Northern Ireland,Signage,Sign D Sign,https://signdsign.biz/,office@signdsign.biz,028 9023 6006,"172a Tates Avenue, Belfast, BT12 6ND",,,https://www.facebook.com/SignDSignBelfast/,False,0
1955,Northern Ireland,Signage,Signal Signs Omagh Limited,https://www.signalsigns.co.uk/,info@signalsigns.co.uk,028 8224 0504,"10-12 Gortrush Ind Est, Omagh, BT78 5EJ",,,https://www.facebook.com/SignalSignsOmagh/,False,0
1956,Northern Ireland,Signage,Signlines,http://signlines.co.uk/,sales@signlines.co.uk,028 9044 9050,"10-12 Ballygowan Rd, Comber, BT23 5PG",,,https://www.facebook.com/SignlinesNI/,False,0
1957,Northern Ireland,Signage,Signs NI,https://www.signsni.co.uk/,info@signsni.co.uk,028 2766 8011,"Unit 1 Taggarts Yard, Meeting House St, Ballymoney, BT53 6JN",,,https://www.facebook.com/SignsNI/,False,0
1958,Northern Ireland,Signage,South Down Signs,https://southdownsigns.co.uk/,info@southdownsigns.co.uk,,"Unit 3 142 Dundrum Rd, Newcastle, BT33 0LN",,,https://www.facebook.com/SouthDownSigns/,False,0
1959,Northern Ireland,Signage,Trade Made,https://www.trademade.co.uk/,info@trademade.co.uk,028 3026 8623,"1-3 Carnbane Ind Est, Newry, BT35 6QH",,,https://www.facebook.com/TradeMadeNI/,False,0
1960,Northern Ireland,Signage,Xtra Print,https://xtraprintsigns.co.uk/,info@xtraprintsigns.co.uk,,"24b Edenderry Gardens, Banbridge, BT32 3BQ",,,https://www.facebook.com/XtraPrintBanbridge/,False,0
1629,Northumberland,Signage,Ark Signs Ltd,https://www.arksigns.co.uk,,,Cramlington,,https://www.instagram.com/arksignsltd,https://www.facebook.com/arksigns,False,0
1630,Northumberland,Signage,Ellis Signs,https://ellissigns.co.uk,,,Newcastle,,https://www.instagram.com/ellissigns,,False,0
1689,Nottinghamshire,Signage,John E Wright,https://www.johnewright.com/,sales@johnewright.com,0115 950 6633,Main Road Nottingham NG4 2PA,,,,False,0
1690,Nottinghamshire,Signage,Morgwell Signs,https://www.morgwellsigns.co.uk/,sales@morgwellsigns.co.uk,0115 972 9722,Unit 1 Industrial Estate Nottingham NG10 1FY,,,,False,0
1740,Scotland,Signage,4c Design,https://www.4cdesign.co.uk/,info@4cdesign.co.uk,0141 353 5490,100 Borron St,,,,False,0
1741,Scotland,Signage,Advanced Signs Systems Ltd,https://advancedsigns.co.uk,info@advancedsigns.co.uk,01896 754000,Netherdale Industrial Estate,,,,False,0
1742,Scotland,Signage,Arken Creative,https://www.arkencreative.co.uk/,hello@arkencreative.co.uk,01786 447700,Stirling Enterprise Park,,,,False,0
1744,Scotland,Signage,DAS Signs Ltd,https://dassigns.co.uk,info@dassigns.co.uk,01738 622223,Unit 1,,,,False,0
1745,Scotland,Signage,DH Design & Print,https://dhdesignandprint.co.uk,info@dhdesignandprint.co.uk,01450 373333,Slitrig Crescent,,,,False,0
1746,Scotland,Signage,DSP | Design Sign Print,https://www.designsignprint.uk/,info@designsignprint.uk,01786 445566,Broadleys Business Park,,,,False,0
1747,Scotland,Signage,Double Image,https://doubleimage.co.uk,info@doubleimage.co.uk,0141 952 0000,Unit 6,,,,False,0
1748,Scotland,Signage,Duncan Signs,https://duncansigns.co.uk,info@duncansigns.co.uk,01382 833333,Unit 4,,,,False,0
1936,Scotland,Signage,EVM (Effective Visual Marketing),https://www.evm.co.uk/,sales@evm.co.uk,0141 638 0255,"Block 8, Units 5-6, 3 Spiersbridge Terrace, Glasgow, G46 8JH",https://www.linkedin.com/company/evm-limited/,https://www.instagram.com/evmlimited/,https://www.facebook.com/EVMLimited,False,0
1749,Scotland,Signage,Firefly Design Agency,https://firefly-design.co.uk,info@firefly-design.co.uk,0131 225 3333,Thistle Street,,,,False,0
1750,Scotland,Signage,Four-by-Two,https://www.four-by-two.com/,info@four-by-two.com,0131 220 5422,10-12 Picardy Place,,,,False,0
1751,Scotland,Signage,Fraser Signs,https://frasersigns.co.uk,info@frasersigns.co.uk,01463 234111,Carsegate Road South,,,,False,0
1752,Scotland,Signage,Hi-Lite Signs,https://www.hi-litesigns.com/,info@hi-litesigns.com,01224 876400,Sinclair Road,,,,False,0
1753,Scotland,Signage,Icon Signs Dundee,http://iconsignsdundee.co.uk,info@iconsignsdundee.co.uk,01382 825121,Unit 1,,,,False,0
1754,Scotland,Signage,Invision Sign and Print,https://invisionsigns.co.uk,info@invisionsigns.co.uk,01896 754040,Bridge St,,,,False,0
1755,Scotland,Signage,Ironside Farrar Ltd,https://ironsidefarrar.com,mail@ironsidefarrar.com,0131 550 6500,111 McDonald Road,,,,False,0
1756,Scotland,Signage,James Bros,https://jamesbrosglasgow.co.uk/,info@jamesbros.co.uk,0141 429 0292,61-63 Admiral Street,,,,False,0
1757,Scotland,Signage,Jammiro Sign Specialists,https://jammiro.com,info@jammiro.com,01224 212345,Aberdeen Business Park,,,,False,0
1937,Scotland,Signage,MSD (Wayfinding),https://www.wearemsd.com/,info@wearemsd.com,01355 243021,2 Young Place,East Kilbride,G75 0TD,,False,0
1758,Scotland,Signage,Mackinnon Slater,https://www.mackinnonslater.co.uk/,info@mackinnonslater.co.uk,0131 556 9633,70 Montgomery Street,,,,False,0
1759,Scotland,Signage,Matic Media Services Ltd,https://maticmedia.co.uk,sales@maticmedia.co.uk,01698 711100,Unit 1-3 Spiersbridge Terrace,,,,False,0
1760,Scotland,Signage,McBride Signs,https://www.mcbridesigns.co.uk/,info@mcbridesigns.co.uk,01463 232121,34 Carsegate Road South,,,,False,0
1761,Scotland,Signage,Mima Group,https://mimagroup.com,info@mimagroup.com,0141 332 3332,Citypoint,,,,False,0
1762,Scotland,Signage,Mixit Signs & Visual,https://www.mixit-signs.co.uk/,info@mixitsigns.co.uk,01573 223333,Kelso,,,,False,0
1763,Scotland,Signage,Norsign Group,https://www.norsign.co.uk/,hello@norsign.co.uk,01698 713399,"Block 14, First Road, Blantyre Industrial Estate, Glasgow, G72 0ND",,,,False,0
1764,Scotland,Signage,One Design Aberdeen,https://www.onedesignaberdeen.co.uk/,info@onedesignaberdeen.co.uk,01224 586666,Cuthbertson Grove,,,,False,0
1765,Scotland,Signage,Scotland's Bravest Manufacturing Company,https://scotlandsbravest.org.uk,info@scotlandsbravest.org.uk,0141 814 4560,Erskine Estate,,,,False,0
1938,Scotland,Signage,Sign Designs Aberdeen Ltd,https://sdalimited.co.uk/,info@sdalimited.co.uk,01224 641153,13 Canal Road,Aberdeen,AB24 3ER,,False,0
1766,Scotland,Signage,Sign-it,https://www.sign-it.co.uk/,info@sign-it.co.uk,01750 22111,Riverside,,,,False,0
1767,Scotland,Signage,Significant Others,https://significantothers.co.uk,hello@significantothers.co.uk,0131 554 2222,Leith,,,,False,0
1768,Scotland,Signage,Signs & Designs,https://signs-and-designs.co.uk,info@signs-and-designs.co.uk,01259 212223,The Trade Centre,,,,False,0
1769,Scotland,Signage,Signs Express Aberdeen,https://www.signsexpress.co.uk/,aberdeen@signsexpress.co.uk,01224 722254,"Unit 5, Airport Industrial Estate, Dyce, Aberdeen, AB21 7AL",,,,False,0
1770,Scotland,Signage,Solas Neon Sign Co.,https://www.solassigns.co.uk/,hello@solassigns.co.uk,0131 210 0230,21 Stewartfield,,,,False,0
1771,Scotland,Signage,Spaced-Out Grafix,https://www.spacedoutgrafix.com/,info@spacedoutgrafix.com,01324 666666,Grangemouth,,,,False,0
1772,Scotland,Signage,Specialized Signs,https://www.specializedsigns.co.uk/,info@specializedsigns.co.uk,0131 337 3355,19 Bankhead Terrace,,,,False,0
1773,Scotland,Signage,Tangent,https://tangentgraphic.co.uk,hello@tangentgraphic.co.uk,0141 222 2040,12-14 South Block,,,,False,0
1774,Scotland,Signage,The Sign Centre,https://signcentreinverness.co.uk,info@signcentreinverness.co.uk,01463 234551,10 Harbour Road,,,,False,0
1775,Scotland,Signage,Warriors Studio,https://warriorsstudio.com,hello@warriorsstudio.com,07826 854206,60-64 Osborne St,,,,False,0
1776,Scotland,Signage,Wilson Signs,https://wilsonsigns.net,info@wilsonsigns.net,01450 363835,6 Slitrig Cres,,,,False,0
1777,Scotland,Signage,cca-signs,https://www.cca-signs.co.uk/,info@cca-signs.co.uk,01721 723456,South Park Industrial Estate,,,,False,0
1858,Somerset,Signage,Active Signs,https://www.activesignsminehead.co.uk/,info@activesignsminehead.co.uk,01643 700666,"Channel House Mart Rd, Minehead, TA24 5BJ",,https://www.instagram.com/activesigns,https://www.facebook.com/activesigns,False,0
1859,Somerset,Signage,Freestyle Designs,https://freestyledesigns.co.uk,info@freestyledesigns.co.uk,01225 445666,"Unit 6 Locksbrook Rd Trading Est, Bath, BA1 3DZ",https://www.linkedin.com/company/freestyle-designs-ltd,https://www.instagram.com/freestyledesigns,https://www.facebook.com/freestyledesigns,False,0
1860,Somerset,Signage,Frenzy Designs,https://frenzydesigns.co.uk,info@frenzydesigns.co.uk,01761 477666,"Unit 11d Timsbury Ind Est, Bath, BA2 0HQ",,https://www.instagram.com/frenzydesigns,https://www.facebook.com/frenzydesigns,False,0
1861,Somerset,Signage,Mendip Signs,http://mendipsigns.co.uk,info@mendipsigns.co.uk,01749 888666,"Westcombe Hill Farm, Shepton Mallet, BA4 6EL",,https://www.instagram.com/mendipsigns,https://www.facebook.com/mendipsigns,False,0
1862,Somerset,Signage,Naked Signs Ltd,https://www.nakedsigns.co.uk/,info@nakedsigns.co.uk,01934 733555,"Unit L Mendip Business Park, Axbridge, BS26 2UG",,https://www.instagram.com/nakedsigns,https://www.facebook.com/nakedsignsltd,False,0
1863,Somerset,Signage,P J Signs,https://pjsigns.co.uk,info@pjsigns.co.uk,01823 333666,"29 Frobisher Way, Taunton, TA2 6BB",https://www.linkedin.com/company/p-j-signs-ltd,,https://www.facebook.com/pjsignstaunton,False,0
1864,Somerset,Signage,Parsigns,https://parsigns.co.uk,info@parsigns.co.uk,01458 277666,"Unit 3 Canvin Court, Somerton Business Park, Somerton, TA11 6SB",https://www.linkedin.com/company/parsigns,https://www.instagram.com/parsigns,https://www.facebook.com/parsigns,False,0
1865,Somerset,Signage,Quicksign,https://quick-sign.co.uk,info@quick-sign.co.uk,01278 788666,"Quicksign House Evercreech Way, Highbridge, TA9 4AR",,https://www.instagram.com/quicksignuk,https://www.facebook.com/quicksign,False,0
1866,Somerset,Signage,Vale Signs & Print,https://valesignsandprint.co.uk,info@valesignsandprint.co.uk,01963 355666,"Horseshoes Tuckers Lane, Castle Cary, BA7 7LH",,https://www.instagram.com/valesignsandprint,https://www.facebook.com/valesignsandprint,False,0
1928,South Yorkshire,Signage,Nichols Signs Ltd,https://www.nicholssigns.net/,info@nicholssigns.net,01709 377114,"The Crofts, Rotherham, S60 2DJ",,,,False,0
1691,Staffordshire,Signage,Autographic Designs,https://www.autographicdesigns.co.uk/,info@autographicdesigns.co.uk,01543 411 114,Lichfield Business Park Lichfield WS13 8UY,,,,False,0
1692,Staffordshire,Signage,Embello,https://www.embello.co.uk,sales@embello.co.uk,01827 282 282,Unit 1 Business Park Tamworth B77 5BY,,,,False,0
1693,Staffordshire,Signage,Hardy Signs Ltd,https://hardysigns.co.uk,sales@hardysigns.co.uk,01283 569 102,Hardy Place Burton-on-Trent DE14 3RP,,,,False,0
1694,Staffordshire,Signage,Mason Architectural Hardware Ltd,https://masonhardwareuk.co.uk,sales@masonhardwareuk.co.uk,01889 577 777,Unit 28 Kimberley Business Park Rugeley WS15 1RE,,,,False,0
1695,Staffordshire,Signage,Plan it Signs,https://www.planitsigns.co.uk,info@planitsigns.co.uk,01782 566 222,1 Dalewood Road Newcastle-under-Lyme ST5 9QH,,,,False,0
1674,Suffolk,Signage,Concept Signs (essex),http://www.conceptsignsltd.co.uk/,info@conceptsignsltd.co.uk,01787 827490,"Unit 18, Fourth Avenue, Halstead CO9 2SY",,,https://www.facebook.com/conceptsignsltd/,False,0
1676,Suffolk,Signage,Esto Signs,https://www.estosigns.com/,info@estosigns.com,01473 809328,"44 Farriers Cl, Martlesham Heath, Ipswich IP5 3SW",,,https://www.facebook.com/estosigns/,False,0
1677,Suffolk,Signage,Extreme Signs & Designs Ltd,https://www.extremegraphics.co.uk/,info@extremegraphics.co.uk,01473 811874,"Seven Acres Farm, Newbourne Rd, Waldringfield, Woodbridge IP12 4PS",,,https://www.facebook.com/extremegraphics/,False,0
1678,Suffolk,Signage,G Signs & Design Ltd,https://www.gsignsanddesign.co.uk/,info@gsignsanddesign.co.uk,01284 752913,"B7 Business Park, Newmarket Road, Risby IP28 6RD",,,https://www.facebook.com/gsignsanddesign/,False,0
1679,Suffolk,Signage,Hudson Group Ltd,https://www.hudsongroupltd.co.uk/,info@hudsongroupltd.co.uk,01449 723346,"2a Williamsport Way, Needham Market, Ipswich IP6 8RW",https://www.linkedin.com/company/hudson-group-ltd/,https://www.instagram.com/hudsonsigns/,https://www.facebook.com/hudsonsigns/,False,0
1680,Suffolk,Signage,L & M Signs,http://lmsigns.co.uk,info@lmsigns.co.uk,01842 821990,"Unit 1 Higlands Close, St Helens Way, Thetford IP24 1HG",,,https://www.facebook.com/lmsignsthetford/,False,0
1681,Suffolk,Signage,LABELCRAFT SIGNS LIMITED,https://labelcraftsignsltd.co.uk,info@labelcraftsignsltd.co.uk,01394 285354,"Alston Barns, Grimston Ln, Felixstowe IP11 0SD",,,https://www.facebook.com/labelcraftsigns/,False,0
1644,Suffolk,Signage,Signs Display,,info@signsdisplay.com,01473 711100,"Unit 2, The IO Centre, Stephenson Way, Ipswich, IP3 9RR",https://www.linkedin.com/company/signs-display-ltd/,,https://www.facebook.com/signsdisplay/,False,0
1806,Surrey,Signage,A J Signs Ltd,https://www.ajsigns.co.uk/,sales@ajsigns.co.uk,01483 300500,"4a Douglas Close, Guildford, GU4 7PB",,,,False,0
1808,Surrey,Signage,Aristo Signs,https://www.aristosigns.co.uk/,sales@aristosigns.co.uk,01342 832992,"Unit 1 Foxhole Farm, Brickhouse Lane, Lingfield, RH7 6HY",,,,False,0
1809,Surrey,Signage,Carousel Lights,http://www.carousellights.com/,info@carousellights.com,07944 654349,"Fetcham Park House Lower Rd, Leatherhead, KT22 9HD",,"FB: carousellights, IG: carousellights","FB: carousellights, IG: carousellights",False,0
1810,Surrey,Signage,Darling Signs Ltd,https://www.darlingsigns.co.uk/,andy.hone@darlingsigns.co.uk,020 8898 5555,"Unit 1 18 Mereway Rd, Twickenham, TW2 6RG","FB: darlingsigns, IG: darling_signs, LI: darlingsigns","FB: darlingsigns, IG: darling_signs, LI: darlingsigns","FB: darlingsigns, IG: darling_signs, LI: darlingsigns",False,0
1811,Surrey,Signage,Design of Walton Ltd,https://www.designofwalton.co.uk/,info@designofwalton.co.uk,01932 240376,"Unit 24b Lyon Rd, Walton-On-Thames, KT12 3PU",,,,False,0
1812,Surrey,Signage,Epic Signs,https://epic-signs.co.uk,info@epic-signs.co.uk,07393 867782,"74 Warlingham Rd, Thornton Heath, CR7 7DE",,,,False,0
1813,Surrey,Signage,Metamark,https://metamark.co.uk,sales@metamark.co.uk,01483 571111,"Octimum, Kingswey Business Park, Forsyth Rd, Woking, GU21 5SF",LI: metamark,,,False,0
1814,Surrey,Signage,Print Copy Sign Ltd,https://www.printcopysign.co.uk/,info@printcopysign.co.uk,020 8640 9527,"Unit 2, Sutton Business Centre, Wallington, SM6 7AH",,,,False,0
1815,Surrey,Signage,See Signs Ltd,http://seesigns.co.uk,info@seesigns.co.uk,07938 670671,"4 Clovelly Drive, Hindhead, GU26 6RS",,,,False,0
1816,Sussex,Signage,Capricorn Signs,https://capricornsigns.co.uk,sales@capricornsigns.co.uk,01273 411444,"84 Amberley Drive, Hove, BN3 8JP",,,,False,0
1817,Sussex,Signage,Equinox Designs,https://equinox-designs.co.uk,info@equinox-designs.co.uk,01323 840612,"Unit 5, Diplocks Building, Diplocks Way, Hailsham, BN27 3JF",,,,False,0
1818,Sussex,Signage,Hallmark Engraving & Signs Ltd,https://www.hallmarksigns.co.uk/,sales@hallmarksigns.co.uk,01825 766512,"Unit 2 Ashgrove Farm, Uckfield, TN22 3XN",,,,False,0
1819,Sussex,Signage,Mood Signs Ltd,https://moodsigns.co.uk,info@moodsigns.co.uk,01892 665335,"Unit 1 Farningham Rd, Crowborough, TN6 2GB",,,,False,0
1820,Sussex,Signage,Rocket Signs & Designs Ltd,https://www.rocketsigns.co.uk/,sales@rocketsigns.co.uk,01273 671000,"72 Lewes Rd, Brighton, BN2 3HZ",,,,False,0
1821,Sussex,Signage,Scotts Signs & Posters,http://www.scottssignsandposters.co.uk/,sales@scotts-signs.co.uk,01403 255255,"Unit 1 55a Park Terrace East, Horsham, RH13 5DJ",,,,False,0
1822,Sussex,Signage,South East Signage,https://southeastsignage.com,info@southeastsignage.com,01903 214000,"106 Alinora Crescent, Worthing, BN12 4HJ",,,,False,0
1823,Sussex,Signage,The Sign Company (e G) Ltd,https://thesigncompany.org.uk,info@thesigncompany.org.uk,01342 321000,"Unit 5b Charlwoods Rd, East Grinstead, RH19 2HG",,,,False,0
1824,Sussex,Signage,Worthing Sign Co,http://sussexsignco.com/,info@worthingsignco.com,01903 241400,"Unit 3 Martlets Way, Worthing, BN12 4HF",,,,False,0
1646,Swansea,Signage,Signature Signs,,info@signaturesigns.co.uk,01792 581561,"Unit 5, Swansea West Business Park, Fforestfach, Swansea, SA5 4HL",https://www.linkedin.com/company/signature-signs-sw-ltd/,,https://www.facebook.com/SignatureSignsSwansea/,False,0
1640,Tyne and Wear,Signage,Astley,,info@astley-uk.com,0191 414 4144,"1-4 Redburn Rd, Westerhope, Newcastle upon Tyne, NE5 1PJ",https://www.linkedin.com/company/astley-signs/,https://www.instagram.com/astleysigns/,https://www.facebook.com/AstleySigns/,False,0
1929,Tyne and Wear,Signage,JMF Group,https://jmf-group.co.uk,sales@jmf-group.co.uk,0191 477 2200,"Unit 1, JMF House, Abbotsford Rd, Felling, Gateshead, NE10 0EX",https://www.linkedin.com/company/jmf-group-ltd/,https://www.instagram.com/jmfgroup/,https://www.facebook.com/jmfgroup,False,0
1873,Wales,Signage,A P H Signs,https://www.aphsigns.co.uk/,info@aphsigns.co.uk,01978 854444,"1 Pinfold Lane, Llay Ind Est, Wrexham, LL12 0PX",,,https://www.facebook.com/aphsigns,False,0
1874,Wales,Signage,A S A P Signs,https://www.asap-signs.co.uk/,info@asap-signs.co.uk,01978 351111,"9 Bradley Rd, Wrexham, LL13 7TG",,,https://www.facebook.com/asapsignswrexham,False,0
1875,Wales,Signage,A Sign 4 U Ltd,https://www.asign4u.info/,info@signfactory.co.uk,029 2088 1111,"Unit 18, Block C Western Ind Est, Caerphilly, CF83 1BQ",,,https://www.facebook.com/asign4u,False,0
1876,Wales,Signage,Action Graffix,https://action-graffix.co.uk,info@action-graffix.co.uk,01239 852222,"Unit 1, Red Dragon Garage, Llandysul, SA44 5UQ",,,https://www.facebook.com/actiongraffix,False,0
1877,Wales,Signage,Art Graphics Signs,https://art-graphics.co.uk,info@art-graphics.co.uk,01244 831111,"Unit 2, Factory Rd, Deeside, CH5 2QJ",,,https://www.facebook.com/artgraphicssigns,False,0
1878,Wales,Signage,Autotop Ltd,https://autotop.co.uk,info@autotop.co.uk,01492 871111,"Council St West, Llandudno, LL30 1ED",,,https://www.facebook.com/autotopltd,False,0
1879,Wales,Signage,Chillipepper Signs,https://chillipepper-signs.co.uk,info@chillipepper-signs.co.uk,01600 711111,"43 Drybridge St, Monmouth, NP25 5AD",,https://www.instagram.com/chillipeppersigns/,https://www.facebook.com/chillipeppersigns,False,0
1880,Wales,Signage,Colourfast Graphics,https://colourfastgraphics.co.uk,info@colourfastgraphics.co.uk,01646 681111,"Unit 3, Thornton Business Park, Milford Haven, SA73 2RY",,https://www.instagram.com/colourfastgraphics/,https://www.facebook.com/colourfastgraphics,False,0
1881,Wales,Signage,Conwy Signs,https://www.conwysigns.co.uk/,info@conwysigns.co.uk,01492 870000,"60 Roumania Drive, Llandudno, LL30 1UY",,,https://www.facebook.com/conwysigns,False,0
1882,Wales,Signage,Creative Signs Wales UK,http://creativesignswales.co.uk,info@creativesignswales.co.uk,01685 383333,"Creative House, Rocky Rd, Merthyr Tydfil, CF47 9JL",,,https://www.facebook.com/creativesignswales,False,0
1883,Wales,Signage,D'Sign Studio,https://d-signstudio.com,info@d-signstudio.com,01646 690000,"Unit B, Havens Head Business Park, Milford Haven, SA73 3LD",,,https://www.facebook.com/dsignstudio,False,0
1884,Wales,Signage,Decor Signs,https://www.decorsigns.co.uk/,info@decorsigns.co.uk,01633 483333,"Unit 22, Oldbury Business Centre, Cwmbran, NP44 3JU",,,https://www.facebook.com/decorsignscwmbran,False,0
1885,Wales,Signage,Designer Signs North Wales Ltd,https://www.designersignsnorthwales.com/,info@designersignsnorthwales.com,01286 882222,"Cadnant House, Zone 2 Cibyn Ind Est, Caernarfon, LL55 2BD",,,https://www.facebook.com/DesignerSignsNW,False,0
1886,Wales,Signage,Designs 4 Signs,http://designs4signs.com,info@designs4signs.com,01352 751111,"Unit 13, Queens Lane, Bromfield Ind Est, Mold, CH7 1JR",,,https://www.facebook.com/designs4signs,False,0
1888,Wales,Signage,Elite Signs & Graphics Ltd,https://elitesigns.biz,info@elitesigns.biz,01656 721111,"Unit 11, Village Court, Bridgend, CF33 6BX",https://www.linkedin.com/company/elite-signs-&-graphics-ltd,https://www.instagram.com/elitesignsbiz/,https://www.facebook.com/elitesignsbiz,False,0
1889,Wales,Signage,Emerge Sign & Print,https://emergesp.com,info@emergesp.com,029 2066 1111,"Unit 10, Regents Trade Park, Ocean Way, Cardiff, CF24 5PF",https://www.linkedin.com/company/emerge-sign-and-print,https://www.instagram.com/emergesignprint/,https://www.facebook.com/emergesignprint,False,0
1890,Wales,Signage,Excel Signs Ltd,https://www.excelsignsltd.co.uk/,info@excelsignsltd.co.uk,01978 661111,"Unit 1, Apex Centre, Clywedog Rd South, Wrexham, LL13 9XS",https://www.linkedin.com/company/excel-signs-ltd,,https://www.facebook.com/excelsignsltdwrexham,False,0
1891,Wales,Signage,Glam Signs,https://glamorgansigns.co.uk/,info@glamsigns.co.uk,01639 636300,"Unit C Rockfield Ind Est, Neath Abbey, SA10 7HQ",,https://www.instagram.com/glamsigns/,https://www.facebook.com/glamsigns,False,0
1892,Wales,Signage,Global Signs Co.,https://globalsignsco.co.uk,info@globalsignsco.co.uk,029 2048 2000,"Unit 5, Pentwyn Business Park, Cardiff, CF23 8HE",https://www.linkedin.com/company/global-signs-co,https://www.instagram.com/globalsignsco/,https://www.facebook.com/globalsignsco,False,0
1893,Wales,Signage,Graphichub,https://graphichub.co.uk,hello@graphichub.co.uk,01633 254444,"Harlequin Trading Est, Alderney St, Newport, NP20 5NH",https://www.linkedin.com/company/graphichub,https://www.instagram.com/graphichub_uk/,https://www.facebook.com/graphichubuk,False,0
1894,Wales,Signage,Griffin Signs,https://www.griffinsigns.co.uk,info@griffinsigns.co.uk,01639 631111,"7 Heol Esgyn, Neath, SA10 7LL",,https://www.instagram.com/griffinsignsuk/,https://www.facebook.com/griffinsignsuk,False,0
1895,Wales,Signage,Harris Signs & Graphics Ltd,https://harrissigns.co.uk,info@harrissigns.co.uk,01792 461111,"Unit 2, Osprey Business Park, Swansea, SA1 2NR",,,https://www.facebook.com/harrissignsswansea,False,0
1896,Wales,Signage,Holywell Signs Ltd,https://holywellsigns.com,info@holywellsigns.com,01352 715555,"Greenfield Business Centre, Greenfield Rd, Holywell, CH8 7GR",,,https://www.facebook.com/holywellsigns,False,0
1897,Wales,Signage,Insight Design,https://swissvalleyprint.com,info@swissvalleyprint.com,01554 774444,"Unit 38, Llanelli Workshops, Trostre Ind Park, Llanelli, SA14 9UU",,,https://www.facebook.com/insightdesignwales,False,0
1898,Wales,Signage,KM Signs,https://kmsigns.co.uk,info@kmsigns.co.uk,01633 872223,"Unit 4, Towngate Ind Est, Ty Coch Way, Cwmbran, NP44 7EZ",,,https://www.facebook.com/kmsignscwmbran,False,0
1899,Wales,Signage,Lloyd Sign Solutions,https://www.lloydsignsolutions.co.uk/,info@lloydsignsolutions.co.uk,01244 811111,"Unit 2c, Interlinq Trade Park, Ffordd Pentre, Deeside, CH5 2DW",https://www.linkedin.com/company/lloyd-sign-solutions,https://www.instagram.com/lloydsignsolutions/,https://www.facebook.com/lloydsignsolutions,False,0
1900,Wales,Signage,ML Signs,https://www.mlsigns.net/,sales@mlsigns.net,029 2048 5123,"Unit 4, Quay Point, Ocean Way, Cardiff, CF24 5HF",https://www.linkedin.com/company/ml-signs-ltd,,https://www.facebook.com/MLSignsCardiff,False,0
1901,Wales,Signage,Martin Hopkins,https://www.martinhopkins.co.uk/,hello@martinhopkins.co.uk,029 2046 1111,"Unit 2, Longcross Court, Newport Rd, Cardiff, CF24 0AD",https://www.linkedin.com/company/martin-hopkins-design,https://www.instagram.com/martinhopkins_design/,https://www.facebook.com/martinhopkinsdesign,False,0
1902,Wales,Signage,Now Group,https://www.nowgroup.co.uk/,info@nowsigns.co.uk,01978 664444,"Unit 6, Moreton Business Park, Gledrid, Wrexham, LL14 5DG",https://www.linkedin.com/company/now-group,https://www.instagram.com/now_group/,https://www.facebook.com/nowgroupuk,False,0
1903,Wales,Signage,Ocean Signs UK,http://oceansignsuk.co.uk,info@oceansignsuk.co.uk,01656 741111,"Unit 11, Village Court, Bridgend, CF33 6BX",,,https://www.facebook.com/oceansignsuk,False,0
1904,Wales,Signage,Oner Signs,http://onersigns.co.uk,info@onersigns.co.uk,029 2034 1111,"46 Crwys Rd, Cardiff, CF24 4NN",,https://www.instagram.com/onersigns/,https://www.facebook.com/onersigns,False,0
1905,Wales,Signage,Palm Signs,https://palmsigns.co.uk,info@palmsigns.co.uk,01352 711111,"35a Greenfield Business Park, Holywell, CH8 7HJ",,,https://www.facebook.com/palmsignsholywell,False,0
1906,Wales,Signage,Positive Signs Ltd,https://www.positive-signs.co.uk/,sales@positive-signs.co.uk,01443 816666,"Unit 3a, Coopers Court, Caerphilly Rd, Hengoed, CF82 7EP",,https://www.instagram.com/positive_signs_ltd/,https://www.facebook.com/positivesignsltd,False,0
1907,Wales,Signage,Print Sauce,https://printsauce.co.uk,hello@printsauce.co.uk,029 2086 1111,"Unit S, Caerphilly Business Park, Caerphilly, CF83 3ED",https://www.linkedin.com/company/print-sauce,https://www.instagram.com/printsauce/,https://www.facebook.com/printsauce,False,0
1908,Wales,Signage,Red Rock Grafix,https://summitprinting.uk/,info@redrockgrafix.co.uk,01407 741111,"Unit 1, Bodedern Workshops, Holyhead, LL65 3TL",,,https://www.facebook.com/redrockgrafix,False,0
1909,Wales,Signage,Rose-Innes Design + Insight,https://roseinnesdesigns.com,hello@roseinnesdesigns.com,029 2000 1111,South Wales Studio,https://www.linkedin.com/company/rose-innes-design-insight,https://www.instagram.com/roseinnesdesigns/,,False,0
1910,Wales,Signage,Select Signs Ltd,https://www.selectsignsltd.co.uk/,info@selectsignsltd.co.uk,01639 822555,"Unit 1 Endeavour Close, Purcell Avenue Ind Est, Port Talbot, SA12 7PT",https://www.linkedin.com/company/select-signs-ltd,https://www.instagram.com/selectsignsltd/,https://www.facebook.com/selectsignsltd,False,0
1911,Wales,Signage,Shopsigns,https://www.shop-signs.com/,info@shop-signs.com,01239 851111,"Brynteifi, Llandysul, SA44 5NT",,,https://www.facebook.com/shopsigns,False,0
1912,Wales,Signage,Sign Projects Ltd,https://sign-projects.co.uk,info@sign-projects.co.uk,029 2066 6666,"Temple Court, Cathedral Rd, Cardiff, CF11 9HA",https://www.linkedin.com/company/sign-projects-ltd,,https://www.facebook.com/signprojects,False,0
1913,Wales,Signage,Sign Services Wales Ltd,https://sswales.com,sales@sswales.com,029 2064 5330,"8 Bessemer Close, Cardiff, CF11 8DL",https://www.linkedin.com/company/sign-services-wales-ltd,https://www.instagram.com/signserviceswales/,https://www.facebook.com/signserviceswales,False,0
1914,Wales,Signage,Sign World,https://signworldgroup.com,info@signworldgroup.com,01244 811111,Wales Regional Office,https://www.linkedin.com/company/signworld-group,https://www.instagram.com/signworldgroup/,https://www.facebook.com/signworldgroup,False,0
1915,Wales,Signage,Signature,https://www.signature.wales,hello@signature.wales,01639 814444,"Unit 13, Seaway Parade Ind Est, Port Talbot, SA12 7BR",https://www.linkedin.com/company/signature-wales,https://www.instagram.com/signaturewales/,https://www.facebook.com/signaturewales,False,0
1916,Wales,Signage,Signsbypost,https://www.signsbypost.shop/,sales@signsbypost.shop,029 2081 1111,"6 Garth Close, Cardiff, CF15 8LF",,,https://www.facebook.com/signsbypost,False,0
1917,Wales,Signage,Signwise,https://signwisewales.co.uk,sales@signwisewales.co.uk,01633 212121,"Unit 26, Enterprise Way, Newport, NP20 2AQ",,,https://www.facebook.com/signwisewales,False,0
1918,Wales,Signage,Silvercloud Signs & Display,https://www.silvercloudsigns.co.uk/,info@silvercloudsigns.co.uk,01495 231111,"Unit 26, Penmaen Business Centre, Blackwood, NP12 2DZ",,,https://www.facebook.com/silvercloudsigns,False,0
1919,Wales,Signage,Tint Wizard Wales,https://www.tintwizard.co.uk/,info@tintwizard.co.uk,01639 641111,"Unit 17-18, Neath Abbey Business Park, Neath, SA10 7DR",,,https://www.facebook.com/tintwizardwales,False,0
1920,Wales,Signage,Vision Signs & Graphics,https://vision-signs.uk,info@vision-signs.uk,01792 899999,"Unit 3, Glan Llwyd, Tyn Y Bonau Rd, Swansea, SA4 8SF",,https://www.instagram.com/visionsignsuk/,https://www.facebook.com/visionsignsuk,False,0
1921,Wales,Signage,Wall Signs Ltd,https://wallsigns.co.uk,info@wallsigns.co.uk,01352 733333,"Unit 2, Flint Trading Park, Holywell Rd, Flint, CH6 5RR",,,https://www.facebook.com/wallsignsltd,False,0
1696,Warwickshire,Signage,Design Penguin,https://www.designpenguin.co.uk/,hello@designpenguin.co.uk,01789 262 262,Studio 203 Luddington Stratford-Upon-Avon CV37 9SJ,,,,False,0
1697,Warwickshire,Signage,Fusion Wraps Ltd,https://www.fusionwrapsltd.co.uk/,info@fusionwrapsltd.co.uk,024 7637 7777,Unit 8 Station Road Nuneaton CV13 6AG,,,,False,0
1698,West Midlands,Signage,A.D. Design,https://addesign.co.uk,info@addesign.co.uk,0121 358 1111,Unit 4 Business Park Birmingham B42 1NP,,,,False,0
1636,West Midlands,Signage,Apex Signs & Graphics,,info@apexsigns.co.uk,0121 359 5555,"Units 1-2, 16-18 Heneage Street, Birmingham, B7 4LY",https://www.linkedin.com/company/apex-signs-&-graphics-ltd/,https://www.instagram.com/apexsigns/,https://www.facebook.com/apexsigns/,False,0
1699,West Midlands,Signage,Artworks Solutions Ltd,https://www.artworks-solutions.com/,info@artworks-solutions.com,0121 359 0555,Unit 1 Business Park Birmingham B7 4DW,,,,False,0
1700,West Midlands,Signage,Beta Signs Ltd,https://betasigns.co.uk,sales@betasigns.co.uk,0121 501 1000,Shenstone Trading Estate Halesowen B63 3XB,,,,False,0
1701,West Midlands,Signage,C J Graphics & Vinyl,http://cjgraphics.co.uk,info@cjgraphics.co.uk,0121 553 3333,114 Wyndmill Crescent West Bromwich B71 3QU,,,,False,0
1702,West Midlands,Signage,Cobal Sign Systems Midlands,https://cobal.co.uk,midlands@cobal.co.uk,0121 247 1111,Unit 1 Business Park Birmingham B18 6BS,,,,False,0
1703,West Midlands,Signage,Coventry Signs,https://www.coventry-signs.co.uk/,sales@coventry-signs.co.uk,024 7642 1155,178 Fletchamstead Highway Coventry CV4 7BB,,,,False,0
1704,West Midlands,Signage,Fire Route Safety Midlands,https://www.fireroutesafety.co.uk/,midlands@fireroutesafety.co.uk,020 7253 9010,Unit 1 Great Lister Street Birmingham B7 4DA,,,,False,0
1705,West Midlands,Signage,Graphic Signs Coventry,https://graphic-signs.co.uk,info@graphic-signs.co.uk,024 7667 4444,Falkland Close Coventry CV4 8AU,,,,False,0
1706,West Midlands,Signage,Integrated Designs Birmingham,https://www.integratedesigns.co.uk/,bham@integratedesigns.co.uk,0121 358 2233,38 Old Walsall Road Birmingham B42 1NP,,,,False,0
1707,West Midlands,Signage,Lavastar Signs Midlands,https://www.lavastar.co.uk/,midlands@lavastar.co.uk,0121 550 5151,Unit 2 Long Lane Halesowen B62 9JZ,,,,False,0
1708,West Midlands,Signage,Modulex Midlands,https://modulex.com,midlands@modulex.com,0121 314 3210,Unit 3 Business Park Birmingham B37 7YN,,,,False,0
1709,West Midlands,Signage,Mödel Signage Ltd,https://www.modelsignage.co.uk/,info@modelsignage.co.uk,08000 24 24 81,Mödel House Birmingham B37 7YN,,,,False,0
1710,West Midlands,Signage,Sign Park Ltd,https://signpark.co.uk,info@signpark.co.uk,0121 517 0844,Unit 61 Bizspace Business Park Birmingham B11 2AL,,,,False,0
1711,West Midlands,Signage,Signed Ltd,https://www.signedltd.co.uk/,info@signedltd.co.uk,0121 448 0048,Unit 4 Business Park Birmingham B19 3JX,,,,False,0
1712,West Midlands,Signage,Sure Signs,https://www.suresigns.co.uk/,sales@suresigns.co.uk,01384 292 200,Unit 30a Dawley Trading Estate Kingswinford DY6 7AP,,,,False,0
1713,West Midlands,Signage,The Sign Company,http://thesigncompany.co.uk,info@thesigncompany.co.uk,0121 247 1882,248 Dudley Road Birmingham B18 4HN,,,,False,0
1930,West Yorkshire,Signage,Butterfield Signs Ltd,http://butterfieldsigns.com/,sales@butterfieldsigns.co.uk,01274 722244,"178 Sunbridge Rd, Bradford, BD1 2RZ",https://www.linkedin.com/company/butterfield-signs-ltd/,,https://www.facebook.com/ButterfieldSigns/,False,0
1931,West Yorkshire,Signage,C V Graphics,https://cvgraphics.co.uk,info@cvgraphics.co.uk,01484 606060,"229a Penistone Rd, Huddersfield, HD8 0AS",,,,False,0
1932,West Yorkshire,Signage,Commercial Nameplate Manufacturing Co,https://commercialnameplate.co.uk,sales@commercialnameplate.co.uk,01924 494949,"Unit 13, Station Rd, Mirfield, WF14 8NA",,,,False,0
1933,West Yorkshire,Signage,Eltrix Ltd,https://www.eltrix.co.uk/,sales@eltrix.co.uk,01422 345678,"1 Union St South, Halifax, HX1 2LE",,,,False,0
1642,West Yorkshire,Signage,Omega Signs,,info@omega-signs.co.uk,0113 240 3000,"Unit 6, Intercity Way, Pudsey, Leeds, LS13 4LY",https://www.linkedin.com/company/omega-signs-ltd/,,https://www.facebook.com/OmegaSigns/,False,0
1934,West Yorkshire,Signage,Omega Signs Ltd,https://omega-signs.co.uk,sales@omega-signs.co.uk,0113 240 3000,"Unit 3, Newmarket Approach, Leeds, LS9 0RJ",https://www.linkedin.com/company/omega-signs-ltd/,,,False,0
1935,West Yorkshire,Signage,Signs Direct (Bradford),https://www.signsdirect.co.uk/,sales@signsdirect.co.uk,01274 611611,"Unit 5, Dockfield Road Industrial Centre, Shipley, BD17 7AD",,,,False,0
1867,Wiltshire,Signage,Aspire Signs & Graphics Ltd,https://aspiresigns.com,info@aspiresigns.com,01793 433666,"Pembroke Centre, Cheney Manor Industrial Estate, Swindon, SN2 2PQ",https://www.linkedin.com/company/aspire-signs-graphics-ltd,https://www.instagram.com/aspiresigns,https://www.facebook.com/aspiresigns,False,0
1868,Wiltshire,Signage,Barefoot Signs Ltd,https://www.barefootsigns.com/,info@barefootsigns.co.uk,01380 733666,"Unit 1, Banda Ind Est, Nursteed Rd, Devizes, SN10 3DY",https://www.linkedin.com/company/barefoot-signs-ltd,https://www.instagram.com/barefootsignsltd,https://www.facebook.com/barefootsignsltd,False,0
1869,Wiltshire,Signage,Kennet Sign & Display,https://www.kennetsignanddisplay.co.uk/,info@kennetsignanddisplay.co.uk,01380 722666,"Unit 7 Hopton Trading Estate, Hopton Rd, Devizes, SN10 2EU",https://www.linkedin.com/company/kennet-sign-display,,https://www.facebook.com/kennetsignanddisplay,False,0
1870,Wiltshire,Signage,Mirage Signs,https://www.miragesigns.co.uk,info@miragesigns.co.uk,01985 211666,"10-11 Chinns Court Market Place, Warminster, BA12 9AN",https://www.linkedin.com/company/mirage-signs-ltd,,https://www.facebook.com/miragesignswarminster,False,0
1871,Wiltshire,Signage,One Vision Signs Ltd,https://onevisionsigns.co.uk,info@onevisionsigns.co.uk,01793 611444,"17 Aspen Close, Swindon, SN2 8AJ",https://www.linkedin.com/company/one-vision-signs-ltd,https://www.instagram.com/onevisionsigns,https://www.facebook.com/onevisionsigns,False,0
1872,Wiltshire,Signage,abc Signs & Designs,https://www.abcsignsanddesigns.co.uk/,sales@abcsignsanddesigns.co.uk,01793 611666,"6 Westmead Ind Est, Swindon, SN5 7YT",,https://www.instagram.com/abcsignsuk,https://www.facebook.com/abcsignsswindon,False,0
1714,Worcestershire,Signage,Image Technique,https://www.imagetechnique.co.uk/,info@imagetechnique.co.uk,01527 578 822,Business Park Bromsgrove B60 3DR,,,,False,0
1715,Worcestershire,Signage,Signtech (Midlands) Ltd,https://signtech.co.uk,sales@signtech.co.uk,01299 827 751,Unit 1 Sandy Lane Stourport-on-Severn DY13 9QA,,,,False,0
